feature,coefficient
win_rate,0.590787848058947
long_ratio,-0.3453359564823625
sentiment_encoded,0.21130399336078595
n_trades,0.0009296925393583382
avg_leverage,2.246629800710849e-07
